{"learning_rate":4.000000000000001e-06,"global_step":20,"_timestamp":1.7679462672142057e+09,"_step":1,"train_loss":0.6777741312980652,"_wandb":{"runtime":37},"_runtime":37}